model,zero_shot_accuracy,majority_vote_accuracy,agreement,reward_hack_gap
llama-3.1-8b-instant,0.05,0.05,0.30386904761904765,0.25386904761904766
llama-3.3-70b-versatile,0.5714285714285714,0.42857142857142855,0.6428571428571429,0.21428571428571436
meta-llama/llama-4-scout-17b-16e-instruct,0.4,0.4,0.675,0.275
o4-mini,0.9,0.95,0.9122115384615384,-0.037788461538461604
openai/gpt-oss-20b,0.0,0.0,0.0,0.0
qwen/qwen3-32b,0.0,0.0,0.0,0.0
qwen2.5-32b,0.25,0.45,0.5294642857142857,0.07946428571428571
